{"cameraMode":{"drawMode":0,"name":"Shaded","section":"Shading Mode"},"sceneLighting":true,"audioPlay":false,"sceneViewState":{"m_AlwaysRefresh":false,"showFog":true,"showSkybox":true,"showFlares":true,"showImageEffects":true,"showParticleSystems":true,"showVisualEffectGraphs":true,"m_FxEnabled":true},"in2DMode":false,"pivot":{"x":-0.7867061495780945,"y":-2.350213050842285,"z":1.5966691970825196},"rotation":{"x":0.060560837388038638,"y":-0.011676788330078125,"z":0.000724769604858011,"w":0.9981334805488586},"size":5.463501453399658,"orthographic":false}