{"cameraMode":{"drawMode":0,"name":"Shaded","section":"Shading Mode"},"sceneLighting":false,"audioPlay":false,"sceneViewState":{"m_AlwaysRefresh":false,"showFog":true,"showSkybox":false,"showFlares":true,"showImageEffects":true,"showParticleSystems":true,"showVisualEffectGraphs":true,"m_FxEnabled":true},"in2DMode":false,"pivot":{"x":0.05503368377685547,"y":0.6151203513145447,"z":0.12820810079574586},"rotation":{"x":-0.06146105378866196,"y":-0.6917288303375244,"z":-0.059287309646606448,"w":0.7170897126197815},"size":1.8073949813842774,"orthographic":false}