{"cameraMode":{"drawMode":0,"name":"Shaded","section":"Shading Mode"},"sceneLighting":false,"audioPlay":false,"sceneViewState":{"m_AlwaysRefresh":false,"showFog":true,"showSkybox":false,"showFlares":true,"showImageEffects":true,"showParticleSystems":true,"showVisualEffectGraphs":true,"m_FxEnabled":true},"in2DMode":false,"pivot":{"x":0.4622156620025635,"y":0.2894243001937866,"z":0.3893786072731018},"rotation":{"x":-0.049544449895620349,"y":-0.6586235165596008,"z":-0.04353199899196625,"w":0.7495781183242798},"size":1.207395076751709,"orthographic":false}